{
  "No_Pre - C": [
    [
      0.934184126984127,
      0.886221645021645,
      0.7235177803039873,
      0.644618487394958
    ],
    [
      0.9061115887062791,
      0.7999661341608245,
      0.7217064713064711,
      0.6141724053724053
    ],
    [
      0.860106782106782,
      0.8001149540517962,
      0.7557064056716231,
      0.5795124485270826
    ]
  ],
  "No_Pre - LC": [
    [
      0.9276761904761905,
      0.9063936507936509,
      0.7513092278719395,
      0.6440571428571429
    ],
    [
      0.8658102456049359,
      0.8265560331507233,
      0.7630898014266436,
      0.6227219983082052
    ],
    [
      0.8158495396442299,
      0.8442374184321088,
      0.7160071271723446,
      0.6298575459245
    ]
  ],
  "No_Pre - RC": [
    [
      0.9072888888888889,
      0.8748415140415141,
      0.8113784461152883,
      0.6510228919856038
    ],
    [
      0.8905304029304031,
      0.8262251082251083,
      0.7378466536413439,
      0.6184330373957493
    ],
    [
      0.8120554112554111,
      0.8413784461152882,
      0.7027435254803676,
      0.5986730158730158
    ]
  ],
  "No_Pre - RLC": [
    [
      0.9065494505494506,
      0.8556190476190477,
      0.7636356532356532,
      0.6357809864676006
    ],
    [
      0.8771592077538981,
      0.82656628956098,
      0.7555029882398303,
      0.631445177045177
    ],
    [
      0.849490909090909,
      0.8080444444444445,
      0.7239521834890257,
      0.5736606315789473
    ]
  ],
  "Spacy - C": [
    [
      0.9298306306306305,
      0.9156972972972972,
      0.6912126984126983,
      0.6060446431158295
    ],
    [
      0.9114512712459615,
      0.8304607950554854,
      0.7511736495388669,
      0.5867402767167473
    ],
    [
      0.838961038961039,
      0.8336641604010026,
      0.6142031746031746,
      0.5636062002513615
    ]
  ],
  "Spacy - Default": [
    [
      0.6839757073844029,
      0.6743214505301462,
      0.6113680097680098,
      0.5068112044817927
    ],
    [
      0.7410524374176548,
      0.6939450465243568,
      0.602299704062416,
      0.4751840245775729
    ],
    [
      0.7142664572399086,
      0.6374999850723989,
      0.5075713229859571,
      0.4942202497415095
    ]
  ],
  "Spacy - LC": [
    [
      0.8780719004719004,
      0.8811744315744315,
      0.6685710336447179,
      0.564051438757321
    ],
    [
      0.9064290490237393,
      0.8294165413533835,
      0.660306991093198,
      0.5591984761904761
    ],
    [
      0.889415873015873,
      0.8237273897273899,
      0.6117084809543826,
      0.5100525252525253
    ]
  ],
  "Spacy - RC": [
    [
      0.9024401544401544,
      0.8689925353925354,
      0.6992592422326935,
      0.6243890234059725
    ],
    [
      0.9106351096297999,
      0.851271773636991,
      0.7522660098522168,
      0.5597200746965453
    ],
    [
      0.8999619047619047,
      0.8431181286549707,
      0.6507491267353337,
      0.5493484151404151
    ]
  ],
  "Spacy - RLC": [
    [
      0.9008761904761906,
      0.8622984126984127,
      0.6700265010351967,
      0.6152111888111886
    ],
    [
      0.8966068268015172,
      0.8432463768115942,
      0.7186246429898604,
      0.5698792161243774
    ],
    [
      0.8620888888888888,
      0.8131807807807809,
      0.6778160099787218,
      0.538482251082251
    ]
  ]
}