{
  "config": [
    [
      0.9009650793650792,
      0.8682112554112553,
      0.7734476190476192,
      0.5793436785436786
    ],
    [
      0.8549941283888186,
      0.8616070175438596,
      0.7753663707290827,
      0.6537292929292929
    ],
    [
      0.8908134202081103,
      0.834255900621118,
      0.715139393939394,
      0.6392746418892761
    ]
  ],
  "config2": [
    [
      0.0,
      0.0,
      0.0,
      0.0
    ],
    [
      0.0,
      0.0,
      0.0,
      0.0
    ],
    [
      0.0,
      0.0,
      0.0,
      0.0
    ]
  ]
}